type,layout_side,layout_order,name,reign_info,start_year,end_year,justice_tier,title_tag,father,female_info,prophet,summary
meta,.,.,app_title,聖經歷史・萬能呈現框架 (v4.45 完美對齊版),.,.,.,.,.,.,.,.
meta,.,.,app_subtitle,✨ 左右欄位與時間軸完全對應版,.,.,.,.,.,.,.,.
meta,.,.,left_header,聯合王國 + 南國猶大 (統治者與亡國),.,.,.,.,.,.,.,.
meta,.,.,right_header,北國以色列 (19王全展開),.,.,.,.,.,.,.,.
data,left,1,掃羅,統治 40 年,1050,1010,bad,以色列首任君王・試驗期起點,基士,亞希挪安（亞希瑪斯的女兒）,,大衛受膏、與非利士人爭戰、基利波山戰敗自盡。[cite: 1]
data,left,2,大衛,統治 40 年 (希伯倫7年半, 耶路撒冷33年),1010,970,good,合神心意之王・大衛王朝建立,耶西,麥基爸、亞比該、拔示巴等多人,,平定四方、定都耶路撒冷、迎約櫃、因貪戀拔示巴而謀害烏利雅（殺夫奪妻之罪）、痛悔後蒙神赦免、立建殿心志。[cite: 1]
data,left,3,所羅門,統治 40 年,970,930,special,智慧之王・聖殿建成與晚年背道,大衛,拔示巴,拿單、亞希亞、迦得,建造聖殿與王宮、智慧審判、晚年因隨從外邦妃嬪引進異教偶像崇拜，成為王國分裂的遠因。[cite: 1]
data,left,4,羅波安,統治 17 年,930,913,bad,南國首王・因拒絕納諫導致王國分裂,所羅門,拿瑪（亞磯儂人）,示瑪雅,拒絕百姓減稅訴求導致十支派叛離、埃及王示撒上京掠奪聖殿財寶。[cite: 1]
data,left,5,亞比央 / 亞比雅,統治 3 年,913,910,evil,行其父惡・爭戰中呼求神得勝,羅波安,瑪迦（押沙龍的孫女或女兒）,,大敗北國耶羅波安、晚年步其父後塵行惡。[cite: 1]
data,left,6,亞撒,統治 41 年,910,869,good,宗教改革之王・倚靠神大敗古實人,亞比央,亞蘇哈（亞比沙林的女兒）,撒迦利亞 (俄德的兒子)、哈拿尼,拆毀偶像、修築堅固城、晚年腳病未求問神而倚靠醫生。[cite: 1]
data,left,7,約沙法,統治 25 年,869,848,good,敬虔改革・與北國結盟受先知責備,亞撒,阿蘇巴,,耶戶 (哈拿尼的兒子)、雅哈悉 (撒迦利亞的兒子)、以利以謝 (多大娃的兒子),大行耶和華眼中看為正的事、派遣文武大臣往各城教導律法、晚年與亞哈家結親導致危機。[cite: 1]
data,left,8,約蘭 (猶大),統治 8 年 (含攝政),848,841,evil,行惡之王・受亞哈家影響與妻亞她利雅作惡,約沙法,,以利亞 (透過文字書信),娶亞哈的女兒亞她利雅為妻、殺諸弟、以東及立拿背叛、身患重病腸子流出而死。[cite: 1]
data,left,9,亞哈謝 (猶大),統治 1 年,841,841,evil,短命惡王・隨從亞哈家惡行遭耶戶殺害,約蘭,亞她利雅（亞哈之女）,,隨從亞哈家行惡、往耶斯列探望受傷的約蘭，遇耶戶審判被殺。[cite: 1]
data,left,10,亞她利雅,統治 6 年,841,835,evil,血腥篡位・剿滅王室,亞哈 (北國),自己即女王,,剿滅猶大王室宗親、約阿施被歌轄匿藏逃過一劫、後被耶何耶大推翻處死。[cite: 1]
data,left,11,約阿施 (猶大),統治 40 年,835,796,good,幼年登基・祭司輔佐與晚年離棄神,亞哈謝,西比亞（別是巴人）,撒迦利亞 (祭司耶何耶大的兒子)、眾先知 (歷代志下二十四章19節),由祭司耶何耶大扶立、修繕聖殿、晚年聽從臣民叩拜偶像並殺害先知撒迦利亞、被臣僕背叛刺殺。[cite: 1]
data,left,12,亞瑪謝,統治 29 年,796,767,bad,雖行正事但心不專誠・敗於北國,約阿施,約耶坦,,無名先知 (歷代志下二十五章15節),擊殺殺父僕人但遵行律法不殺其子、擊敗以東卻迎回以東偶像叩拜、與北國開戰戰敗被擄。[cite: 1]
data,left,13,烏西雅 / 亞撒利雅,統治 52 年,767,740,good,強盛興邦・強盛後因狂妄長大痲瘋,亞瑪謝,耶可利亞,,撒迦利亞 (見過神異象的)、以賽亞、何西阿、阿摩司,收復失土、發明機械、晚年擅入聖殿燒香受神擊打長大痲瘋至死。[cite: 1]
data,left,14,約坦,統治 16 年,740,732,good,行神眼中看為正的事・築城防禦,烏西雅,耶路沙,,以賽亞、何西阿、彌迦,修築耶和華殿的上門、擊敗以捫人使其納貢、百姓卻仍行邪淫。[cite: 1]
data,left,15,亞哈斯,統治 16 年,732,716,evil,極度敗壞・效法列王獻子經火並引入亞述偶像,約坦,亞比,,以賽亞、何西阿、彌迦,效法異教行可憎之事、仿設亞蘭祭壇造壇搬入聖殿、向亞述求救導致國勢衰微。[cite: 1]
data,left,16,希西家,統治 29 年,716,687,good,偉大改革・極度倚靠神經歷亞述大軍神蹟解圍,亞哈斯,亞比雅（撒迦利雅的女兒）,以賽亞、彌迦,展開猶大歷史最大宗教改革、守逾越節、禱告使日影退後、經歷天使擊殺亞述十八萬五千軍。[cite: 1]
data,left,17,瑪拿西,統治 55 年,687,642,evil,極惡之王・猶大罪大惡極的推手,希西家,協西巴,,眾先知 (列王紀下二十一章10節),猶大歷史在位最久也最邪惡之王、在聖殿中築壇、恢復邱壇、行巫術、流無辜人的血、被亞述擄去後謙卑悔改復位。[cite: 1]
data,left,18,亞們,統治 2 年,642,640,evil,行惡不改・死於臣僕政變,瑪拿西,米舒利密（哈魯斯的女兒）,,行其父瑪拿西晚年之前的惡事、不肯謙卑、被臣僕背叛擊殺於宮中。[cite: 1]
data,left,19,約西亞,統治 31 年,640,609,good,末代清主・深度律法改革與復興,亞們,耶底大（波加莎代的女兒）,戶勒大 (女先知)、西番雅、耶利米,維修聖殿發現律法書、全面徹底毀壞偶像與邱壇、守歷史大逾越節、戰米吉多陣亡舉國哀悼。[cite: 1]
data,left,20,約哈斯 (猶大),統治 3 個月,609,609,evil,短命惡王・被埃及法老鎖禁廢黜,約西亞,哈慕達（立拿人耶利米的女兒）,,即位三個月即遭埃及法老尼哥廢黜並鎖禁解往埃及至死。[cite: 1]
data,left,21,約雅敬,統治 11 年,609,598,evil,暴虐叛逆・燒毀先知書卷,約西亞,西比大（魯瑪人比大雅的女兒）,耶利米、烏利雅、哈巴谷,服事巴比倫後背叛、焚燒耶利米書卷、行耶和華眼中看為惡的事。[cite: 1]
data,left,22,約雅斤,統治 3 個月 10 天,598,598,evil,短命被擄・巴比倫第一次流亡,約雅敬,內護妲（耶路撒冷以利拿芬的女兒）,耶利米,登基三個月即遇尼布甲尼撒圍城並開城投降、與王室大臣一同被擄至巴比倫囚禁多年後獲恩待。[cite: 1]
data,left,23,西底家,統治 11 年,598,586,evil,末代弱主・耶路撒冷淪陷與雙眼被挖,約西亞,哈慕達（立拿人耶利米的女兒）,耶利米、以西結,南國最後一任君王、夾在埃及與巴比倫之間搖擺、背叛巴比倫導致城破、親眼見子被殺後被挖雙眼鎖入巴比倫。[cite: 1]
data,left,24,被擄與歸回全貌：巴比倫帝國 (尼布甲尼撒毀城) → 波斯帝國 (古列王下詔歸回) → 所羅門聖殿重建完成,國祚終結與七十年回歸,586,516,collapse,聖殿被毀・七十年被擄・恩准回歸重建,.,.,.,巴比倫尼布甲尼撒徹底焚毀拆毀所羅門聖殿與城牆、百姓流放；歷經七十年被擄期後，波斯王古列（居魯士）下詔准許百姓歸回，最終完成第二聖殿重建。[cite: 1]
data,right,1,耶羅波安一世,統治 22 年,930,909,evil,北國開國之王・設立金牛犢偶像罪魁,尼巴,撒利瑪（斯利瑪，摩押女子）,,設立伯特利與但的金牛犢偶像、私自另定節期與非利士祭司，使以色列陷在罪中。[cite: 1]
data,right,2,拿答,統治 2 年,909,908,evil,行惡短命・被巴沙篡位滅族,耶羅波安一世,,在基比妥頓圍攻非利士人時遭巴沙背叛擊殺，耶羅波安家族被滅。[cite: 1]
data,right,3,巴沙,統治 24 年,908,886,evil,篡位掌權・行耶羅波安的惡道,亞希亞,,擊殺拿答篡位、與猶大王亞撒爭戰、建築拉瑪攔截。[cite: 1]
data,right,4,以拉,統治 2 年,886,885,evil,酗酒荒淫・遭部將心利殺害,巴沙,,在提撒家宰心利家中飲酒醉倒時遭心利背叛殺害，巴沙家族被滅。[cite: 1]
data,right,5,心利,統治 7 天,885,885,evil,極短命叛王・自焚身亡,.,.,.,叛亂登基僅七天，遭全軍擁立的暗利圍城，放火焚燒王宮自焚而死。[cite: 1]
data,right,6,暗利,統治 12 年 (含內戰),885,874,evil,建都撒瑪利亞・軍事強人,.,.,.,平定內戰、買下撒瑪利亞山建立新首都、政治軍事手腕高強（米沙碑文記載其威勢）。[cite: 1]
data,right,7,亞哈,統治 22 年,874,853,evil,極惡之王・巴力崇拜與耶洗別當道,暗利,,以利亞、米該亞 (音利拿的兒子),娶西頓公主耶洗別大肆推廣巴力崇拜、迦密山大戰先知、晚年因拿伯葡萄園事件遭神審判。[cite: 1]
data,right,8,亞哈謝 (以色列),統治 2 年,853,852,evil,事奉巴力・跌傷求問偶像遭以利亞預言死亡,亞哈,耶洗別,以利亞,宮中窗欄跌傷不求問神、派人求問巴力西卜神明，遭以利亞宣告必死病發身亡。[cite: 1]
data,right,9,約蘭 (以色列),統治 12 年,852,841,bad,雖除巴力柱但仍行耶羅波安罪,亞哈,耶洗別,以利沙,雖除掉父王所造的巴力柱但仍隨從耶羅波安罪、與猶大王約沙法聯軍攻摩押、在耶斯列受傷。[cite: 1]
data,right,10,耶戶,統治 28 年,841,814,bad,血腥清剿亞哈家族・功過參半,約沙法 (尼弗示孫),,約拿 (亞米太的兒子)、何西阿、阿摩司,奉神命徹底肅清亞哈家族與巴力先知、但仍未離開耶羅波安的金牛犢罪、將基列地割給亞蘭。[cite: 1]
data,right,11,約哈斯 (以色列),統治 17 年,814,798,evil,受亞蘭欺凌・神聽其呼求賜拯救者,耶戶,,無名拯救者 (列王紀下十三章5節),飽受亞蘭王哈薛與便哈達欺壓、極其窘迫時呼求神，神賜下拯救者。[cite: 1]
data,right,12,約阿施 (以色列),統治 16 年,798,782,evil,三敗亞蘭・射箭預言與先知以利沙交情,約哈斯,,以利沙 (臨終前預言),擊敗亞蘭收復失土、與猶大王亞瑪謝交戰並攻破耶路撒冷掠奪聖殿金銀。[cite: 1]
data,right,13,耶羅波安二世,統治 41 年,782,753,evil,北國經濟極盛・領土擴張但道德淪喪,約阿施,,約拿 (亞米太的兒子)、何西阿、阿摩司,按約拿預言恢復以色列邊界、政治經濟達到北國空前繁榮，但社會貧富懸殊、道德敗壞。[cite: 1]
data,right,14,撒迦利亞 (以色列),統治 6 個月,753,753,evil,短命被殺・耶戶王朝終結,耶羅波安二世,,登基六個月在伊比覽遭沙龍背叛擊殺，應驗耶戶王朝延續四代的預言後終結。[cite: 1]
data,right,15,沙龍,統治 1 個月,753,753,evil,叛亂一月・遭米拿現擊殺,雅比斯,,在撒瑪利亞遭米拿現擊殺，政權僅維持一個月。[cite: 1]
data,right,16,米拿現,統治 10 年,753,742,evil,殘暴鎮壓・向亞述進貢求穩政權,加底 (Gadi),,殘忍擊殺提弗薩抗拒城、向亞述王普勒進貢一千他連他銀子以鞏固王位。[cite: 1]
data,right,17,比加轄,統治 2 年,742,740,evil,短命庸王・遭部將比加刺殺,米拿現,,在撒瑪利亞王宮遭將軍比加背叛刺殺。[cite: 1]
data,right,18,比加,統治 20 年,740,732,evil,結盟抗亞述・與猶大交戰致國土大失,利瑪利 (Remaliah),,聯手亞蘭王利汛攻打猶大（敘利亞以色列聯盟）、亞述王提革拉毘列拿入侵北國攻陷大片領土。[cite: 1]
data,right,19,何細亞,統治 9 年,732,722,evil,北國末代・暗殺登基與亡國俘虜,以拉 (Elah，非巴沙之子),,以賽亞、何西阿、彌迦,北國最後一任君王、暗殺比加登基、暗中聯絡埃及背叛亞述、遭亞述王撒縵以色圍城三年。[cite: 1]
data,right,20,北國以色列滅亡,國祚終結,722,700,collapse,首都撒瑪利亞淪陷・百姓被擄失散,.,.,.,首都撒瑪利亞被亞述帝國圍城三年後攻陷，以色列十支派國民被大舉遷徙至亞述各地，北國正式走入歷史。[cite: 1]
